Model,Train_RMSE,Test_RMSE,Train_MAE,Test_MAE,Train_R2,Test_R2,CV_RMSE_Mean,CV_RMSE_Std,Overfitting
CatBoost,2.0019027680449617,2.223570166736567,1.5948253835219688,1.7804242634926337,0.9817996007885741,0.9774570463440533,2.1755292410238405,0.03997406272462826,-0.22166739869160512
Stacking Regressor,1.4826869779961334,2.2711425411892336,1.1699551197246185,1.8231736762249313,0.9900162453333121,0.9764821332407112,2.2092449324111123,0.07279710845666551,-0.7884555631931003
Voting Regressor,1.3733443805370564,2.2741218932743505,1.0912629685808362,1.8351578174270882,0.9914344774365308,0.9764203898998701,2.2345842320098823,0.07360747414421885,-0.9007775127372941
LightGBM,1.5853740868175983,2.2867649911258523,1.2517336842903268,1.8331648069743218,0.9885854586825864,0.9761574769719967,2.219468769774279,0.07880467779264085,-0.701390904308254
XGBoost,1.3210693527009039,2.3038420191968085,1.0386799871255121,1.8583648495469876,0.9920741437938594,0.9758000465211125,2.253728366573133,0.06680247472911174,-0.9827726664959047
Random Forest,1.3549192401662662,2.3987557893084155,1.0830196470409013,1.9387252229880612,0.9916627701715475,0.9737649912789097,2.3983046152898018,0.07196061402009586,-1.0438365491421493
